total entries,total coronavirus entries
1058,62
average stats
avg views,avg comments per view,avg likes per view,average dislikes per view,averages likes per comment,average dislikes per comment
2388512.087901701,0.0046800077986240245,0.050775728543793315,0.0015634271516557787,10.849496566805286,0.334065074018775
average coronavirus stats
avg views,avg comments per view,avg likes per view,average dislikes per view,averages likes per comment,average dislikes per comment
1458057.8387096773,0.007173959845347079,0.03109207823142022,0.0015061241541526528,4.334018993929282,0.20994320941585726
