total entries,total coronavirus entries
710,36
average stats
avg views,avg comments per view,avg likes per view,average dislikes per view,averages likes per comment,average dislikes per comment
2092705.7802816902,0.004565214467434298,0.05619157701774035,0.001615977181597496,12.308639039541259,0.3539761807741956
average coronavirus stats
avg views,avg comments per view,avg likes per view,average dislikes per view,averages likes per comment,average dislikes per comment
702918.9722222222,0.005910393575867741,0.0438826460280727,0.0010327569366202038,7.4246571678824305,0.1747357300936729
