total entries,total coronavirus entries
926,57
average stats
avg views,avg comments per view,avg likes per view,average dislikes per view,averages likes per comment,average dislikes per comment
2397404.357451404,0.004596361885599154,0.050532096913029505,0.0014979060090247397,10.993933500177922,0.32588948527265094
average coronavirus stats
avg views,avg comments per view,avg likes per view,average dislikes per view,averages likes per comment,average dislikes per comment
1270406.8771929825,0.007353480564701526,0.02938410724940837,0.0015320550984687983,3.995945456150268,0.20834420992734123
