total entries,total coronavirus entries
963,60
average stats
avg views,avg comments per view,avg likes per view,average dislikes per view,averages likes per comment,average dislikes per comment
2417171.0134994807,0.004656628785301013,0.05089325678705946,0.0015400747694684783,10.929206327914246,0.33072740827652747
average coronavirus stats
avg views,avg comments per view,avg likes per view,average dislikes per view,averages likes per comment,average dislikes per comment
1298843.6166666667,0.007107257985651518,0.02932264734924401,0.0015449768606348902,4.125732794340941,0.21738015754514123
