total entries,total coronavirus entries
668,33
average stats
avg views,avg comments per view,avg likes per view,average dislikes per view,averages likes per comment,average dislikes per comment
2127618.525449102,0.0044468268556778585,0.05495077666447898,0.0016229258321293308,12.357300710801452,0.3649626767134242
average coronavirus stats
avg views,avg comments per view,avg likes per view,average dislikes per view,averages likes per comment,average dislikes per comment
743566.2424242424,0.006059780861161888,0.044736166238332334,0.0010566196013756146,7.382472611353594,0.17436597553348174
