total entries,total coronavirus entries
594,31
average stats
avg views,avg comments per view,avg likes per view,average dislikes per view,averages likes per comment,average dislikes per comment
2109976.6666666665,0.004506727195524702,0.05601539037556497,0.001663042789484946,12.429283589916365,0.3690134142435759
average coronavirus stats
avg views,avg comments per view,avg likes per view,average dislikes per view,averages likes per comment,average dislikes per comment
732367.9032258064,0.006054862695705776,0.04567178359369443,0.0010268063314731865,7.542992449041945,0.16958375161858205
