total entries,total coronavirus entries
988,61
average stats
avg views,avg comments per view,avg likes per view,average dislikes per view,averages likes per comment,average dislikes per comment
2468861.9291497977,0.004642917668551921,0.05039373839309017,0.0015508362626847968,10.853894466926324,0.3340219175517895
average coronavirus stats
avg views,avg comments per view,avg likes per view,average dislikes per view,averages likes per comment,average dislikes per comment
1455413.6721311475,0.007175471062624142,0.03146380533306547,0.0014848688053694474,4.384911465528067,0.2069367700615346
