total entries,total coronavirus entries
1106,63
average stats
avg views,avg comments per view,avg likes per view,average dislikes per view,averages likes per comment,average dislikes per comment
2335828.9783001808,0.004717412455475563,0.05129160246979705,0.0015692253875893563,10.872825506334982,0.332645364890224
average coronavirus stats
avg views,avg comments per view,avg likes per view,average dislikes per view,averages likes per comment,average dislikes per comment
1438615.6666666667,0.0071690722696191615,0.031156517342890492,0.0015033522029947064,4.345962234880024,0.20969968588063465
