total entries,total coronavirus entries
472,24
average stats
avg views,avg comments per view,avg likes per view,average dislikes per view,averages likes per comment,average dislikes per comment
2087365.9555084745,0.004740579449630771,0.05785011683653926,0.0016538695206238714,12.203174200792063,0.3488749715507217
average coronavirus stats
avg views,avg comments per view,avg likes per view,average dislikes per view,averages likes per comment,average dislikes per comment
696743.0833333334,0.002815899260810746,0.03928970948999972,0.000722588204140766,13.952810754560707,0.256610104699811
