total entries,total coronavirus entries
860,48
average stats
avg views,avg comments per view,avg likes per view,average dislikes per view,averages likes per comment,average dislikes per comment
2341974.258139535,0.0047269217547086595,0.05200916001965351,0.0015246925474369031,11.002754587135968,0.32255506364540537
average coronavirus stats
avg views,avg comments per view,avg likes per view,average dislikes per view,averages likes per comment,average dislikes per comment
1034003.2916666666,0.007471426086288652,0.03180657588976889,0.0014616934448024605,4.257095703340947,0.19563781103113884
