total entries,total coronavirus entries
1382,69
average stats
avg views,avg comments per view,avg likes per view,average dislikes per view,averages likes per comment,average dislikes per comment
2343871.897973951,0.004877833405669382,0.05262432532508488,0.0015493217548624674,10.788463022111614,0.31762498347355
average coronavirus stats
avg views,avg comments per view,avg likes per view,average dislikes per view,averages likes per comment,average dislikes per comment
1365632.2463768115,0.007158875554004953,0.03271252233596744,0.001476494005935033,4.569505656187414,0.20624663675135754
