total entries,total coronavirus entries
570,31
average stats
avg views,avg comments per view,avg likes per view,average dislikes per view,averages likes per comment,average dislikes per comment
2097434.7649122807,0.004556412960842721,0.056553846390418154,0.0016684223395573461,12.41192290436255,0.36617013293034945
average coronavirus stats
avg views,avg comments per view,avg likes per view,average dislikes per view,averages likes per comment,average dislikes per comment
718388.2903225806,0.005968602566758196,0.04583746313488388,0.0010096525659117675,7.67976467224893,0.16916062924594308
