total entries,total coronavirus entries
813,43
average stats
avg views,avg comments per view,avg likes per view,average dislikes per view,averages likes per comment,average dislikes per comment
2326361.557195572,0.00480548378576375,0.052837200900322547,0.0015374810361290223,10.995188675249057,0.31994302856328666
average coronavirus stats
avg views,avg comments per view,avg likes per view,average dislikes per view,averages likes per comment,average dislikes per comment
672108.2790697674,0.005848621567621164,0.04134753896243739,0.0012749537588350936,7.069621189263381,0.21799217885688255
