total entries,total coronavirus entries
1311,66
average stats
avg views,avg comments per view,avg likes per view,average dislikes per view,averages likes per comment,average dislikes per comment
2323835.6742944317,0.004752152040941252,0.052328603791906264,0.0015594456784122255,11.01155925590748,0.3281556787276841
average coronavirus stats
avg views,avg comments per view,avg likes per view,average dislikes per view,averages likes per comment,average dislikes per comment
1406800.803030303,0.007191311237845878,0.032348304830432315,0.0014796413263177305,4.498248477995522,0.20575403808568155
