total entries,total coronavirus entries
1019,62
average stats
avg views,avg comments per view,avg likes per view,average dislikes per view,averages likes per comment,average dislikes per comment
2436785.291462218,0.004674156415602065,0.050733457363708614,0.0015490312335810542,10.854035007121979,0.3314033797436639
average coronavirus stats
avg views,avg comments per view,avg likes per view,average dislikes per view,averages likes per comment,average dislikes per comment
1456884.435483871,0.0071753316719223035,0.03111059963520254,0.0015050344673318843,4.335771648987464,0.20975120540019287
