total entries,total coronavirus entries
630,33
average stats
avg views,avg comments per view,avg likes per view,average dislikes per view,averages likes per comment,average dislikes per comment
2114413.157142857,0.004537845090807436,0.05573846232327217,0.001652485978643589,12.28302447701105,0.36415654249439267
average coronavirus stats
avg views,avg comments per view,avg likes per view,average dislikes per view,averages likes per comment,average dislikes per comment
721303.3939393939,0.006090489724577713,0.04542904066090459,0.0010511274791610407,7.459012774880667,0.17258505090638193
